display,pair,market,side,entry,stop,take_profit,rr,accuracy_pct
Goldman Sachs (GS),GS,stock,long,1047.30004883,1014.828099,1112.243948,2.0,89.9
AT&T,T,stock,short,23.62000084,23.913,23.034003,2.0,87.8
PepsiCo (PEP),PEP,stock,short,142.82499695,145.463497,137.547997,2.0,85.1
Morgan Stanley (MS),MS,stock,long,211.15499878,206.038826,221.387344,2.0,84.2
Qualcomm (QCOM),QCOM,stock,long,250.03999329,240.649911,268.820158,2.0,82.3
Совкомфлот (FLOT.ME),FLOT.ME,stock,long,85.16,84.42134,86.63732,2.0,80.9
Eli Lilly (LLY),LLY,stock,long,1092.16003418,1080.928063,1114.623977,2.0,78.4
Юнипро (UPRO.ME),UPRO.ME,stock,short,1.253,1.25935,1.2403,2.0,77.8
TSMC,TSM,stock,long,440.67999268,433.744052,454.551874,2.0,76.7
Oracle (ORCL),ORCL,stock,long,230.1000061,224.401553,245.649994,2.73,76.5
IBM,IBM,stock,long,307.89001465,278.699035,366.271974,2.0,76.3
Ethereum Classic (ETC/USDT),ETC/USDT,crypto,short,7.78999996,7.86938,7.63124,2.0,75.0
Litecoin (LTC/USDT),LTC/USDT,crypto,short,47.66999817,48.102628,46.259998,3.26,74.0
The Sandbox (SAND/USDT),SAND/USDT,crypto,short,0.0622,0.062983,0.0601,2.68,74.0
Avalanche (AVAX/USDT),AVAX/USDT,crypto,short,8.11999989,8.27345,7.8131,2.0,73.8
Chainlink (LINK/USDT),LINK/USDT,crypto,short,8.29199982,8.458594,7.958811,2.0,73.5
НЛМК (NLMK.ME),NLMK.ME,stock,short,78.58,78.96976,77.80048,2.0,72.3
Bitcoin (BTC/USDT),BTC/USDT,crypto,short,65820.4765625,67528.077358,62405.274972,2.0,71.7
Мосбиржа (MOEX.ME),MOEX.ME,stock,long,179.3,177.5807,182.7386,2.0,71.4
Solana (SOL/USDT),SOL/USDT,crypto,short,73.01999664,75.912311,67.235368,2.0,71.2
Ethereum (ETH/USDT),ETH/USDT,crypto,short,1825.07995605,1894.364906,1686.510056,2.0,71.1
Aave (AAVE/USDT),AAVE/USDT,crypto,short,75.09999847,76.76224,71.775515,2.0,71.1
Celestia (TIA/USDT),TIA/USDT,crypto,short,0.3741,0.3837,0.3508,2.43,71.0
XRP (XRP/USDT),XRP/USDT,crypto,short,1.21969998,1.233886,1.1883,2.21,70.8
ФосАгро (PHOR.ME),PHOR.ME,stock,short,6209.0,6237.47318,6152.05364,2.0,70.7
Polkadot (DOT/USDT),DOT/USDT,crypto,short,1.10599995,1.12121,1.07558,2.0,70.0
Decentraland (MANA/USDT),MANA/USDT,crypto,short,0.0797,0.0806,0.0779,2.0,70.0
Super Micro (SMCI),SMCI,stock,long,46.5,41.27163,56.95674,2.0,70.0
Walmart (WMT),WMT,stock,long,116.37999725,113.754097,121.631798,2.0,70.0
РУСАЛ (RUAL.ME),RUAL.ME,stock,long,38.105,37.42814,39.45872,2.0,69.8
Лукойл (LKOH.ME),LKOH.ME,stock,short,4907.0,4926.843,4867.314,2.0,69.5
Cardano (ADA/USDT),ADA/USDT,crypto,short,0.2095,0.21548,0.19754,2.0,69.0
UnitedHealth (UNH),UNH,stock,long,383.04501343,380.693403,387.748234,2.0,68.7
ВТБ (VTBR.ME),VTBR.ME,stock,short,77.36,78.07716,75.475,2.63,68.6
Home Depot (HD),HD,stock,short,311.75,313.799844,307.650312,2.0,67.5
BNB (BNB/USDT),BNB/USDT,crypto,short,625.71002197,651.800072,573.529922,2.0,67.3
AMD,AMD,stock,long,540.19000244,522.83059,574.908827,2.0,67.2
Intel (INTC),INTC,stock,long,112.23999786,108.952238,118.815518,2.0,67.0
Apple (AAPL),AAPL,stock,long,309.36999512,307.547721,313.014543,2.0,66.7
NEAR Protocol (NEAR/USDT),NEAR/USDT,crypto,long,2.78999996,2.65968,3.05064,2.0,66.3
Dogecoin (DOGE/USDT),DOGE/USDT,crypto,short,0.09241,0.09349,0.09025,2.0,66.2
РусГидро (HYDR.ME),HYDR.ME,stock,long,0.3905,0.388468,0.394564,2.0,65.7
Sei (SEI/USDT),SEI/USDT,crypto,short,0.06189,0.064259,0.057152,2.0,65.2
Ford,F,stock,long,15.70499992,15.11885,16.8773,2.0,65.0
ММК (MAGN.ME),MAGN.ME,stock,short,23.025,23.15967,22.75566,2.0,64.8
Zoom (ZM),ZM,stock,long,106.16999817,104.029237,110.451521,2.0,64.5
АЛРОСА (ALRS.ME),ALRS.ME,stock,short,25.18,25.35314,24.83372,2.0,63.4
Meta (META),META,stock,long,622.53997803,616.696368,634.227198,2.0,63.3
GE Aerospace,GE,stock,long,319.51998901,315.703327,327.153313,2.0,63.0
Cosmos (ATOM/USDT),ATOM/USDT,crypto,short,1.87199998,1.900512,1.786,3.02,62.4
Самолёт (SMLT.ME),SMLT.ME,stock,short,396.2,400.25531,388.08938,2.0,62.4
Pfizer (PFE),PFE,stock,short,25.46500015,25.728441,24.938118,2.0,61.7
ПИК (PIKK.ME),PIKK.ME,stock,long,543.8,542.44078,546.51844,2.0,59.2
Cisco (CSCO),CSCO,stock,long,128.80999756,123.466388,139.497217,2.0,58.8
Micron (MU),MU,stock,long,1071.33996582,1006.83462,1200.350657,2.0,57.2
Норникель (GMKN.ME),GMKN.ME,stock,long,133.46,131.8468,136.6864,2.0,56.7
Pyth Network (PYTH/USDT),PYTH/USDT,crypto,short,0.0383,0.039014,0.036872,2.0,56.4
Internet Computer (ICP/USDT),ICP/USDT,crypto,long,3.03999996,2.93152,3.25696,2.0,55.7
McDonald's (MCD),MCD,stock,short,274.26501465,275.386823,272.021398,2.0,52.9
AbbVie (ABBV),ABBV,stock,long,219.19999695,217.134085,223.331821,2.0,52.4
Johnson & Johnson (JNJ),JNJ,stock,short,224.03500366,225.771,220.563011,2.0,51.7
Аэрофлот (AFLT.ME),AFLT.ME,stock,short,46.91,47.4356,45.8588,2.0,50.4
Банк СПб (BSPB.ME),BSPB.ME,stock,short,304.91,305.80734,303.11532,2.0,49.4
Сбербанк ап (SBERP.ME),SBERP.ME,stock,long,324.35,323.1914,326.6672,2.0,48.2
Ozon (OZON.ME),OZON.ME,stock,short,4008.5,4023.5901,3978.3198,2.0,47.6
Visa,V,stock,short,313.875,320.535048,300.554904,2.0,47.3
Positive Technologies (POSI.ME),POSI.ME,stock,short,904.6,914.03292,885.73416,2.0,47.2
Ростелеком (RTKM.ME),RTKM.ME,stock,short,51.32,51.93088,50.09824,2.0,46.7
Adobe (ADBE),ADBE,stock,long,256.32998657,249.912463,269.165034,2.0,46.5
Транснефть ап (TRNFP.ME),TRNFP.ME,stock,short,1405.4,1413.01328,1390.17344,2.0,46.1
Северсталь (CHMF.ME),CHMF.ME,stock,short,695.4,699.41564,687.36872,2.0,45.8
VK (VKCO.ME),VKCO.ME,stock,long,244.2,242.5878,247.4244,2.0,43.7
Exxon Mobil (XOM),XOM,stock,long,153.54499817,151.596931,157.441133,2.0,43.2
Новатэк (NVTK.ME),NVTK.ME,stock,short,1114.9,1127.50354,1089.69292,2.0,43.2
Render (RENDER/USDT),RENDER/USDT,crypto,long,2.125,2.0506,2.2738,2.0,42.6
Газпром (GAZP.ME),GAZP.ME,stock,short,116.38,116.77168,115.59664,2.0,39.1
Селигдар (SELG.ME),SELG.ME,stock,short,44.02,44.7443,42.5714,2.0,36.9
Merck (MRK),MRK,stock,long,115.43299866,114.103891,118.091214,2.0,35.0
